name,price,product_url,reviewN
네츄럴코어 홀리스틱 베네 M32 멀티프로테인 7.2kg,38000,https://dogpre.com/product/23333,8591
네츄럴코어 유기농 에코 70B 연어 7kg,40000,https://dogpre.com/product/71017,179
뉴트리나 건강백서 건강한 관절 2kg,15000,https://dogpre.com/product/36251,1152
now 그레인프리 어덜트 스몰브리드 11.3kg,108000,https://dogpre.com/product/33992,844
로얄캐닌 엑스스몰 어덜트 4.5kg 기획팩,46900,https://dogpre.com/product/66574,23
now 그레인프리 어덜트 스몰브리드 2.72kg,37800,https://dogpre.com/product/32975,4485
ANF 유기농 6Free 플러스 소고기&연어 5.6kg,39000,https://dogpre.com/product/55596,1182
now 그레인프리 시니어 스몰브리드 2.72kg,37800,https://dogpre.com/product/33995,821
ANF 유기농 6Free 플러스 오리고기&연어 5.6kg,39000,https://dogpre.com/product/55608,643
now 그레인프리 어덜트 스몰브리드 5.44kg,67500,https://dogpre.com/product/31311,1998
네츄럴코어 유기농 에코 2 오리고기 작은알갱이 7kg,52000,https://dogpre.com/product/12864,5423
네츄럴코어 유기농 에코 9a 시니어 오리&고구마 6kg,52000,https://dogpre.com/product/17551,1575
네츄럴코어 유기농 에코 4 오리고기 슬림다운 6kg,52000,https://dogpre.com/product/17550,2182
뉴트리나 울트라 액티브 15kg,24800,https://dogpre.com/product/2514,892
로얄캐닌 미니 인도어 어덜트 1.5kg,17500,https://dogpre.com/product/59986,951
네츄럴코어 유기농 에코 2 오리고기 작은알갱이 2kg,20000,https://dogpre.com/product/12814,11320
로얄캐닌 푸들 어덜트 1.5kg,19300,https://dogpre.com/product/60205,992
오리젠 오리지널 독 2kg,38000,https://dogpre.com/product/21044,1657
ANF 프리미엄 램28 15kg,57000,https://dogpre.com/product/60118,1690
ANF 램 홀리스틱 시니어 7.2kg,41900,https://dogpre.com/product/59857,1588
ANF 프리미엄 램28 7.2kg,33000,https://dogpre.com/product/60121,4150
네츄럴코어 유기농 에코10 베지테리언 6kg,47000,https://dogpre.com/product/24266,1187
오리젠 오리지널 독 6kg,77000,https://dogpre.com/product/21006,791
네츄럴코어 유기농 에코 2 오리고기 중간알갱이 6kg,47000,https://dogpre.com/product/16196,2348
뉴트리나 건강백서 건강한 6세이상 6kg,39800,https://dogpre.com/product/36023,303
오리젠 6 피쉬 독 2kg,41000,https://dogpre.com/product/20731,990
네츄럴코어 유기농 에코 6 센시티브 솔루션 연어 작은알갱이 6kg,52000,https://dogpre.com/product/20723,3096
네츄럴코어 유기농 에코 6 센시티브 솔루션 연어 중간알갱이 6kg,52000,https://dogpre.com/product/20719,2388
네츄럴코어 유기농 에코 1 양고기 중간알갱이 6kg,47000,https://dogpre.com/product/16198,2467
네츄럴코어 유기농 에코 9a 시니어 오리&고구마 2.4kg,28000,https://dogpre.com/product/12164,1182
now 그레인프리 퍼피 스몰브리드 2.72kg,39600,https://dogpre.com/product/34004,2277
로얄캐닌 푸들 어덜트 3kg,39000,https://dogpre.com/product/81863,5
로얄캐닌 말티즈 어덜트 4.5kg 기획팩,52900,https://dogpre.com/product/66583,18
ANF 유기농 6Free 플러스 연어&흰살생선 5.6kg,39000,https://dogpre.com/product/55602,345
네츄럴코어 유기농 에코 6 센시티브 솔루션 연어 큰알갱이 10kg,73000,https://dogpre.com/product/27255,752
네츄럴코어 유기농 에코 2 오리고기 작은알갱이 10kg,69000,https://dogpre.com/product/21684,1198
퓨리나 프로플랜 퍼포먼스 17kg,72000,https://dogpre.com/product/20699,142
뉴트리나 건강백서 말티즈 6kg,39000,https://dogpre.com/product/64990,83
로얄캐닌 말티즈 어덜트 1.5kg,19300,https://dogpre.com/product/60214,581
뉴트리나 건강백서 푸들 2kg,16000,https://dogpre.com/product/42257,895
뉴트리나 건강백서 건강한 체중 2kg,15000,https://dogpre.com/product/36263,487
네츄럴코어 유기농 에코 2 오리고기 큰알갱이 10kg,69000,https://dogpre.com/product/17554,893
로얄캐닌 미니 인도어 퍼피 3kg,33600,https://dogpre.com/product/60052,576
ANF 램 홀리스틱 시니어 15kg,79000,https://dogpre.com/product/59854,146
내추럴발란스 LID 감자&오리 포뮬라 작은알갱이 3kg,35700,https://dogpre.com/product/51594,347
now 그레인프리 시니어 스몰브리드 5.44kg,67500,https://dogpre.com/product/33998,385
네츄럴코어 유기농 에코 1 양고기 작은알갱이 10kg,69000,https://dogpre.com/product/21683,1639
뉴트리나 울트라 초이스 15kg,21300,https://dogpre.com/product/2518,557
ANF 유기농 6Free 플러스 소고기&연어 1.8kg,15900,https://dogpre.com/product/55593,504
아카나 프리런 덕 6kg,73000,https://dogpre.com/product/48659,199
아카나 프리런 덕 2kg,34000,https://dogpre.com/product/48656,395
뉴트리나 건강백서 말티즈 2kg,16000,https://dogpre.com/product/42242,1112
now 그레인프리 시니어 스몰브리드 11.3kg,108000,https://dogpre.com/product/34001,156
네츄럴코어 유기농 에코 1 양고기 작은알갱이 2kg,20000,https://dogpre.com/product/12815,5750
뉴트리나 건강백서 푸들 6kg,39800,https://dogpre.com/product/67309,21
ANF 램 홀리스틱 작은알갱이 7.2kg,41900,https://dogpre.com/product/60016,53
내추럴발란스 LID 고구마&연어 포뮬라 작은알갱이 3kg,41000,https://dogpre.com/product/51591,318
아카나 라이트 앤 피트 2kg,29000,https://dogpre.com/product/48644,212
오리젠 오리지널 독 11.4kg,129000,https://dogpre.com/product/20732,368
네츄럴코어 유기농 에코 70A 양고기 7kg,40000,https://dogpre.com/product/71008,69
로얄캐닌 닥스훈트 어덜트 1.5kg,19300,https://dogpre.com/product/60208,105
로얄캐닌 미니 인도어 시니어 1.5kg,19800,https://dogpre.com/product/58059,73
오리젠 피트앤트림 독 2kg,37000,https://dogpre.com/product/48014,211
뉴트리나 건강백서 건강한 관절 10.2kg,59800,https://dogpre.com/product/40876,231
네츄럴코어 유기농 에코 6 센시티브 솔루션 연어 작은알갱이 10kg,73000,https://dogpre.com/product/27253,723
네츄럴코어 유기농 에코 9b 시니어 연어&고구마 6kg,52000,https://dogpre.com/product/21893,735
오리젠 시니어 독 11.4kg,129000,https://dogpre.com/product/20733,71
네츄럴코어 유기농 에코 6 센시티브 솔루션 연어 중간알갱이 2kg,24000,https://dogpre.com/product/20720,1015
오리젠 시니어 독 2kg,38000,https://dogpre.com/product/20417,475
오리젠 퍼피 2kg,38000,https://dogpre.com/product/20414,1483
네츄럴코어 유기농 에코 4 오리고기 슬림다운 1kg,13500,https://dogpre.com/product/16644,913
더독 프리미엄 진도 보스 8kg,12800,https://dogpre.com/product/4421,245
로얄캐닌 미니 라이트웨이트 케어 3kg,39000,https://dogpre.com/product/78931,6
go! LID 그레인프리 연어 2.72kg,74000,https://dogpre.com/product/78142,15
더리얼 그레인프리 오븐베이크드 소고기 어덜트 1.6kg,39600,https://dogpre.com/product/75181,42
ANF 램 홀리스틱 큰알갱이 7.2kg,28500,https://dogpre.com/product/60004,84
로얄캐닌 미니 인도어 어덜트 7.5kg,41900,https://dogpre.com/product/59980,397
로얄캐닌 미니 인도어 어덜트 8.7kg,66500,https://dogpre.com/product/57547,724
ANF 유기농 6Free 플러스 양고기&쌀 5.6kg,74000,https://dogpre.com/product/55590,190
아카나 어덜트 스몰브리드 2kg,39000,https://dogpre.com/product/48026,144
뉴트리나 건강백서 건강한 6세이상 2kg,15000,https://dogpre.com/product/36020,284
뉴트리나 건강백서 건강한 피부 6kg,39800,https://dogpre.com/product/36017,405
네츄럴코어 유기농 에코 6 센시티브 솔루션 연어 작은알갱이 2.4kg,28000,https://dogpre.com/product/20721,2082
오리젠 시니어 독 6kg,77000,https://dogpre.com/product/20418,290
네츄럴코어 유기농 에코 1 양고기 작은알갱이 7kg,52000,https://dogpre.com/product/12866,4284
now 그레인프리 피쉬 어덜트 스몰브리드 2.72kg,44000,https://dogpre.com/product/62176,41
로얄캐닌 시츄 어덜트 1.5kg,19300,https://dogpre.com/product/60211,141
로얄캐닌 엑스스몰 퍼피 1.5kg,19300,https://dogpre.com/product/58055,51
로얄캐닌 미니 인도어 퍼피 1.5kg,19800,https://dogpre.com/product/56223,957
로얄캐닌 미디움 퍼피 10kg,67000,https://dogpre.com/product/44726,63
뉴트리나 건강백서 건강한 6세이상 10.2kg,59800,https://dogpre.com/product/40873,107
뉴트리나 건강백서 건강한 피부 2kg,15000,https://dogpre.com/product/38807,384
오리젠 6 피쉬 독 6kg,86000,https://dogpre.com/product/20420,440
오리젠 퍼피 6kg,77000,https://dogpre.com/product/20415,568
토탈 이퀼리브리오 어덜트 스몰브리드 2kg,20000,https://dogpre.com/product/19792,736
네츄럴코어 유기농 에코 1 양고기 큰알갱이 10kg,69000,https://dogpre.com/product/17580,992
프라임 더독 빅보스 어덜트 중대형견용 12kg,16000,https://dogpre.com/product/5576,514
로얄캐닌 포메라니안 어덜트 3kg,37000,https://dogpre.com/product/82199,13
go! LID 그레인프리 연어 작은알갱이 9.98kg,94500,https://dogpre.com/product/81578,4
더리얼 그레인프리 오븐베이크드 소고기 시니어 1.6kg,28500,https://dogpre.com/product/75184,5
내추럴발란스 오리지널 울트라 그레인프리 닭고기 포뮬라 스몰바이트 3kg,34000,https://dogpre.com/product/72256,24
네츄럴코어 유기농 에코 70B 연어 2kg,16000,https://dogpre.com/product/71020,72
더리얼 그레인프리 오븐베이크드 닭고기 시니어 2.4kg,38000,https://dogpre.com/product/67126,18
내추럴발란스 야채 포뮬라 큰알갱이 6.12kg,71000,https://dogpre.com/product/63064,33
HALO 어덜트 그레인프리 서프&터프 1.81kg,35000,https://dogpre.com/product/59482,30
내추럴발란스 야채 포뮬라 큰알갱이 3kg,39100,https://dogpre.com/product/51585,115
아카나 퍼피 스몰브리드 2kg,29000,https://dogpre.com/product/47477,261
오리젠 퍼피 라지브리드 11.4kg,129000,https://dogpre.com/product/20419,122
뉴트리나 울트라 진도 대형견용 10kg,18000,https://dogpre.com/product/2519,408
[할로윈 한정 에디션] 더리얼 그레인프리 크런치 닭고기 어덜트 1kg,12000,https://dogpre.com/product/82758,2
로얄캐닌 미니 더마컴포트 3kg,39000,https://dogpre.com/product/78928,5
go! LID 그레인프리 연어 9.98kg,74000,https://dogpre.com/product/78139,5
더리얼 그레인프리 오븐베이크드 연어 어덜트 1.6kg,94500,https://dogpre.com/product/75178,23
더리얼 크런치 닭고기 어덜트 1.6kg,27500,https://dogpre.com/product/75070,3
더리얼 크런치 연어 시니어 1.6kg,23000,https://dogpre.com/product/75058,1
내추럴발란스 오리지널 울트라 그레인프리 닭고기 포뮬라 스몰바이트 6.12kg,26000,https://dogpre.com/product/72235,7
더리얼 그레인프리 크런치 소고기 어덜트 2.4kg,61200,https://dogpre.com/product/65440,54
now 그레인프리 피쉬 어덜트 올브리드 11.3kg,40800,https://dogpre.com/product/62179,24
로얄캐닌 비숑프리제 어덜트 1.5kg,125000,https://dogpre.com/product/60193,75
ANF 램 홀리스틱 작은알갱이 15kg,19300,https://dogpre.com/product/60013,42
피니키 그레인프리 연어 6kg,57000,https://dogpre.com/product/59425,76
로얄캐닌 엑스스몰 어덜트 3kg,33800,https://dogpre.com/product/58053,17
로얄캐닌 엑스스몰 어덜트 1.5kg,17800,https://dogpre.com/product/58051,31
로얄캐닌 미니 스타터 1kg,12800,https://dogpre.com/product/56229,624
로얄캐닌 미니 스타터 3kg,33800,https://dogpre.com/product/56083,212
go! LID 그레인프리 칠면조 2.72kg,39600,https://dogpre.com/product/52179,42
뉴트리나 어덜트 연어 2.1kg,8900,https://dogpre.com/product/51603,38
아카나 라이트 앤 피트 11.4kg,97000,https://dogpre.com/product/48650,65
now 그레인프리 퍼피 스몰브리드 11.3kg,112500,https://dogpre.com/product/47042,135
로얄캐닌 미디움 어덜트 10kg,67000,https://dogpre.com/product/44729,103
로얄캐닌 미니 어덜트 8kg,65700,https://dogpre.com/product/44723,115
뉴트리나 건강백서 건강한 피부 10.2kg,59800,https://dogpre.com/product/40870,109
ANF 유기농 All Life 오리&귀리 6kg,49800,https://dogpre.com/product/21435,221
오리젠 6 피쉬 독 11.4kg,145000,https://dogpre.com/product/20730,238
도그랑 패밀리 고급 중소형견 8kg,13200,https://dogpre.com/product/10763,265
올가밀 홀리스틱 램29 7kg,31000,https://dogpre.com/product/8583,124
[할로윈 한정 에디션] 더리얼 그레인프리 크런치 연어 어덜트 1kg,14000,https://dogpre.com/product/82757,1
로얄캐닌 포메라니안 어덜트 500g x 3개,21000,https://dogpre.com/product/82291,0
캐니대 독 치킨 앤 라이스 1kg,13000,https://dogpre.com/product/82280,166
로얄캐닌 포메라니안 어덜트 500g,8500,https://dogpre.com/product/82200,0
